,chapter,pos,neg,neutral
0,1,0.14285714285714285,0.42857142857142855,0.42857142857142855
1,2,0.24157303370786518,0.3089887640449438,0.449438202247191
2,3,0.2549019607843137,0.26143790849673204,0.48366013071895425
3,4,0.3359375,0.296875,0.3671875
4,5,0.16,0.12,0.72
