,chapter,pos,neg,neutral
0,1,0.42857142857142855,0.35714285714285715,0.21428571428571427
1,2,0.25,0.34375,0.40625
2,3,0.38095238095238093,0.14285714285714285,0.47619047619047616
3,4,0.34285714285714286,0.2571428571428571,0.4
4,5,0.43103448275862066,0.27586206896551724,0.29310344827586204
5,6,0.5531914893617021,0.2553191489361702,0.19148936170212766
